{"cameraMode":{"drawMode":0,"name":"Shaded","section":"Shading Mode"},"sceneLighting":true,"audioPlay":false,"sceneViewState":{"showFog":true,"showMaterialUpdate":true,"showSkybox":true,"showFlares":true,"showImageEffects":true,"showParticleSystems":true},"in2DMode":false,"pivot":{"x":24.946699142456056,"y":-11.561752319335938,"z":-22.145858764648439},"rotation":{"x":0.23243656754493714,"y":0.5855537056922913,"z":-0.18017107248306275,"w":0.7554166913032532},"size":27.022663116455079,"orthographic":false}