{"cameraMode":{"drawMode":0,"name":"Shaded","section":"Shading Mode"},"sceneLighting":false,"audioPlay":false,"sceneViewState":{"showFog":false,"showMaterialUpdate":false,"showSkybox":false,"showFlares":false,"showImageEffects":false,"showParticleSystems":false},"in2DMode":false,"pivot":{"x":16.440000534057618,"y":0.27950000762939455,"z":-4.039999961853027},"rotation":{"x":-0.034151092171669009,"y":0.2302701473236084,"z":0.008084608241915703,"w":0.9725014567375183},"size":1.1039971113204957,"orthographic":false}