{"cameraMode":{"drawMode":0,"name":"Shaded","section":"Shading Mode"},"sceneLighting":true,"audioPlay":false,"sceneViewState":{"showFog":false,"showMaterialUpdate":false,"showSkybox":false,"showFlares":false,"showImageEffects":false,"showParticleSystems":false},"in2DMode":false,"pivot":{"x":-1.1411142349243165,"y":-0.5471706986427307,"z":-0.08288539201021195},"rotation":{"x":0.16357825696468354,"y":0.5498653054237366,"z":-0.11083275824785233,"w":0.8115484118461609},"size":5.570705413818359,"orthographic":false}