{"cameraMode":{"drawMode":0,"name":"Shaded","section":"Shading Mode"},"sceneLighting":true,"audioPlay":false,"sceneViewState":{"showFog":true,"showMaterialUpdate":true,"showSkybox":true,"showFlares":true,"showImageEffects":true,"showParticleSystems":true},"in2DMode":false,"pivot":{"x":1.2771031856536866,"y":1.3369437456130982,"z":9.10781192779541},"rotation":{"x":-0.05149886757135391,"y":0.055711112916469577,"z":0.002876813290640712,"w":0.9971191883087158},"size":10.226314544677735,"orthographic":false}