{"cameraMode":{"drawMode":0,"name":"Shaded","section":"Shading Mode"},"sceneLighting":true,"audioPlay":false,"sceneViewState":{"showFog":true,"showMaterialUpdate":true,"showSkybox":true,"showFlares":true,"showImageEffects":true,"showParticleSystems":true},"in2DMode":false,"pivot":{"x":21.279874801635743,"y":-1.1336190700531006,"z":-41.96464538574219},"rotation":{"x":0.006397477351129055,"y":-0.9933820962905884,"z":0.10314825922250748,"w":0.05430719628930092},"size":26.89542579650879,"orthographic":false}