{"cameraMode":{"drawMode":0,"name":"Shaded","section":"Shading Mode"},"sceneLighting":false,"audioPlay":false,"sceneViewState":{"showFog":false,"showMaterialUpdate":false,"showSkybox":false,"showFlares":false,"showImageEffects":false,"showParticleSystems":false},"in2DMode":false,"pivot":{"x":14.373701095581055,"y":0.07827350497245789,"z":-2.7396183013916017},"rotation":{"x":0.17222896218299867,"y":-0.350376158952713,"z":0.06571201980113983,"w":0.9182960391044617},"size":0.8230804204940796,"orthographic":false}