{"cameraMode":{"drawMode":0,"name":"Shaded","section":"Shading Mode"},"sceneLighting":false,"audioPlay":false,"sceneViewState":{"showFog":false,"showMaterialUpdate":false,"showSkybox":false,"showFlares":false,"showImageEffects":false,"showParticleSystems":false},"in2DMode":false,"pivot":{"x":-0.5070000290870667,"y":0.1080000028014183,"z":0.0},"rotation":{"x":0.18892943859100343,"y":0.23601391911506654,"z":-0.046835437417030337,"w":0.9520578384399414},"size":0.11432486027479172,"orthographic":false}