{"cameraMode":{"drawMode":0,"name":"Shaded","section":"Shading Mode"},"sceneLighting":true,"audioPlay":false,"sceneViewState":{"showFog":true,"showMaterialUpdate":true,"showSkybox":false,"showFlares":true,"showImageEffects":true,"showParticleSystems":true},"in2DMode":false,"pivot":{"x":7.209638595581055,"y":0.5218430757522583,"z":-3.2754716873168947},"rotation":{"x":0.1929393708705902,"y":0.04885692149400711,"z":-0.009614049457013607,"w":0.9799597859382629},"size":7.256339073181152,"orthographic":false}