{"cameraMode":{"drawMode":0,"name":"Shaded","section":"Shading Mode"},"sceneLighting":false,"audioPlay":false,"sceneViewState":{"showFog":false,"showMaterialUpdate":false,"showSkybox":false,"showFlares":false,"showImageEffects":false,"showParticleSystems":false},"in2DMode":false,"pivot":{"x":1.4901161193847657e-8,"y":0.3449999988079071,"z":-0.01821216195821762},"rotation":{"x":-0.2902105450630188,"y":-0.5616523027420044,"z":0.21893742680549622,"w":-0.7434170842170715},"size":1.5747045278549195,"orthographic":false}